Room_Number;Loop_Index;Segment_Type;StartX;StartY;EndX;EndY;Length
D1;0;Line;-11693.99;10093.86;-11693.99;10092.29;1.57
D1;0;Line;-11693.99;10092.29;-7560.11;10092.29;4133.88
D1;0;Line;-7560.11;10092.29;-7560.11;11431.65;1339.35
D1;0;Line;-7560.11;11431.65;-9096.85;11431.65;1536.74
D1;0;Line;-9096.85;11431.65;-11562.14;11431.65;2465.29
D1;0;Line;-11562.14;11431.65;-11699.91;11431.65;137.77
D1;0;Line;-11699.91;11431.65;-11699.91;11569.42;137.77
D1;0;Line;-11699.91;11569.42;-11699.91;14852.84;3283.42
D1;0;Line;-11699.91;14852.84;-8959.08;14852.84;2740.83
D1;0;Line;-8959.08;14852.84;-8959.08;11569.42;3283.42
D1;0;Line;-8959.08;11569.42;-8959.08;11452.05;117.37
D1;0;Line;-8959.08;11452.05;-7558.35;11452.05;1400.73
D1;0;Line;-7558.35;11452.05;-7558.35;16192.21;4740.16
D1;0;Line;-7558.35;16192.21;-13100.61;16192.21;5542.26
D1;0;Line;-13100.61;16192.21;-13100.61;10093.86;6098.35
D1;0;Line;-13100.61;10093.86;-11693.99;10093.86;1406.62
D2;0;Line;-7562.95;-2556.41;-8972.39;-2556.41;1409.44
D2;0;Line;-8972.39;-2556.41;-9097.90;-2556.41;125.51
D2;0;Line;-9097.90;-2556.41;-11703.62;-2556.41;2605.73
D2;0;Line;-11703.62;-2556.41;-11703.62;729.33;3285.74
D2;0;Line;-11703.62;729.33;-11703.62;867.14;137.82
D2;0;Line;-11703.62;867.14;-11691.03;867.10;12.59
D2;0;Line;-11691.03;867.10;-11565.85;867.10;125.18
D2;0;Line;-11565.85;867.10;-8960.13;867.10;2605.73
D2;0;Line;-8960.13;867.10;-8960.13;-2418.64;3285.74
D2;0;Line;-8960.13;-2418.64;-8960.13;-2534.03;115.39
D2;0;Line;-8960.13;-2534.03;-7562.66;-2534.03;1397.47
D2;0;Line;-7562.66;-2534.03;-7562.66;2203.64;4737.67
D2;0;Line;-7562.66;2203.64;-11690.59;2203.64;4127.93
D2;0;Line;-11690.59;2203.64;-13100.80;2203.64;1410.21
D2;0;Line;-13100.80;2203.64;-13100.80;-3892.41;6096.05
D2;0;Line;-13100.80;-3892.41;-8972.83;-3892.41;4127.97
D2;0;Line;-8972.83;-3892.41;-7562.95;-3892.41;1409.88
D2;0;Line;-7562.95;-3892.41;-7562.95;-2556.41;1336.00
FC;0;Line;-2749.45;2049.50;-2749.45;9224.00;7174.51
FC;0;Line;-2749.45;9224.00;-5248.73;9224.00;2499.28
FC;0;Line;-5248.73;9224.00;-5248.73;2049.50;7174.51
FC;0;Line;-5248.73;2049.50;-2749.45;2049.50;2499.28
CH;0;Line;4946.30;13145.70;3880.04;14992.85;2132.80
CH;0;Arc;3880.04;14992.85;1131.21;15596.22;2829.77
CH;0;Arc;1131.21;15596.22;-1638.21;15353.93;2786.89
CH;0;Arc;-1638.21;15353.93;-3355.67;14589.27;1893.85
CH;0;Arc;-3355.67;14589.27;-3848.20;13958.86;810.47
CH;0;Arc;-3848.20;13958.86;-3780.22;13181.83;809.67
CH;0;Arc;-3780.22;13181.83;-2582.44;12246.02;1551.26
CH;0;Arc;-2582.44;12246.02;874.47;11698.50;3514.49
CH;0;Arc;874.47;11698.50;3819.35;12270.93;3018.45
CH;0;Arc;3819.35;12270.93;4946.30;13145.70;1444.95
LI;0;Line;6873.21;14999.85;5952.48;13405.23;1841.35
LI;0;Line;5952.48;13405.23;5952.48;12529.36;875.87
LI;0;Line;5952.48;12529.36;10217.10;11671.79;4350.00
LI;0;Line;10217.10;11671.79;14482.05;12528.70;4350.18
LI;0;Line;14482.05;12528.70;14482.05;14814.22;2285.53
LI;0;Line;14482.05;14814.22;10217.42;15671.79;4350.00
LI;0;Line;10217.42;15671.79;6873.21;14999.85;3411.04
LH;0;Line;7895.92;-4242.23;10976.34;-4242.23;3080.42
LH;0;Line;10976.34;-4242.23;10976.34;-4482.66;240.43
LH;0;Line;10976.34;-4482.66;12849.61;-4482.66;1873.27
LH;0;Line;12849.61;-4482.66;12846.04;-4242.98;239.71
LH;0;Line;12846.04;-4242.98;16017.61;-4242.98;3171.58
LH;0;Line;16017.61;-4242.98;16017.61;276.43;4519.40
LH;0;Line;16017.61;276.43;14505.09;252.43;1512.71
LH;0;Line;14505.09;252.43;14505.09;-1581.00;1833.43
LH;0;Line;14505.09;-1581.00;13706.20;-1707.67;808.87
LH;0;Line;13706.20;-1707.67;13706.20;250.06;1957.73
LH;0;Line;13706.20;250.06;12296.38;254.48;1409.82
LH;0;Line;12296.38;254.48;12296.38;-796.37;1050.85
LH;0;Line;12296.38;-796.37;12296.38;-826.99;30.62
LH;0;Line;12296.38;-826.99;12296.38;-839.10;12.11
LH;0;Line;12296.38;-839.10;12296.38;-917.75;78.65
LH;0;Line;12296.38;-917.75;12279.05;-919.23;17.39
LH;0;Line;12279.01;-919.23;12270.19;-919.99;8.85
LH;0;Line;12270.19;-919.99;12264.91;-920.44;5.30
LH;0;Line;12264.91;-920.44;12241.75;-923.32;23.34
LH;0;Line;12241.75;-923.32;12240.32;-923.50;1.44
LH;0;Line;12240.32;-923.50;12216.07;-926.77;24.47
LH;0;Line;12216.07;-926.77;12214.64;-926.96;1.44
LH;0;Line;12214.64;-926.96;12204.68;-928.41;10.06
LH;0;Line;12204.68;-928.41;12201.83;-928.83;2.88
LH;0;Line;12201.83;-928.83;12181.32;-932.26;20.80
LH;0;Line;12181.32;-932.26;12179.18;-932.61;2.17
LH;0;Line;12179.18;-932.61;12176.34;-933.09;2.88
LH;0;Line;12176.34;-933.09;12153.80;-937.34;22.94
LH;0;Line;12153.80;-937.34;12150.98;-937.87;2.87
LH;0;Line;12150.98;-937.87;12128.56;-942.59;22.91
LH;0;Line;12128.56;-942.59;12125.75;-943.18;2.87
LH;0;Line;12125.75;-943.18;12104.86;-948.03;21.45
LH;0;Line;12104.86;-948.03;12100.67;-949.00;4.30
LH;0;Line;12100.67;-949.00;12056.51;-960.72;45.69
LH;0;Line;12056.51;-960.72;12050.98;-962.19;5.72
LH;0;Line;12050.98;-962.19;12001.97;-977.40;51.32
LH;0;Line;12001.97;-977.40;11988.50;-981.57;14.10
LH;0;Line;11988.50;-981.57;11965.71;-990.18;24.36
LH;0;Line;11965.71;-990.18;11944.88;-998.09;22.28
LH;0;Line;11944.88;-998.09;11941.77;-999.27;3.33
LH;0;Line;11941.77;-999.27;11910.61;-1011.98;33.65
LH;0;Line;11910.61;-1011.98;11906.21;-1013.78;4.75
LH;0;Line;11906.21;-1013.78;11874.65;-1027.94;34.58
LH;0;Line;11874.65;-1027.94;11871.18;-1029.49;3.80
LH;0;Line;11871.18;-1029.49;11840.04;-1044.52;34.58
LH;0;Line;11840.04;-1044.52;11836.61;-1046.17;3.80
LH;0;Line;11836.61;-1046.17;11807.68;-1061.12;32.56
LH;0;Line;11807.68;-1061.12;11802.63;-1063.73;5.69
LH;0;Line;11802.63;-1063.73;11772.89;-1080.69;34.24
LH;0;Line;11772.89;-1080.69;11769.15;-1082.82;4.31
LH;0;Line;11769.15;-1082.82;11729.12;-1107.34;46.94
LH;0;Line;11729.12;-1107.34;11725.46;-1109.58;4.29
LH;0;Line;11725.46;-1109.58;11709.12;-1120.31;19.54
LH;0;Line;11709.12;-1120.31;11707.62;-1121.29;1.80
LH;0;Line;11707.62;-1121.29;11704.02;-1123.65;4.30
LH;0;Line;11704.02;-1123.65;11665.53;-1150.67;47.03
LH;0;Line;11665.53;-1150.67;11662.01;-1153.14;4.30
LH;0;Line;11662.01;-1153.14;11631.31;-1176.14;38.36
LH;0;Line;11631.31;-1176.14;11586.29;-1213.54;58.53
LH;0;Line;11586.29;-1213.54;11581.61;-1217.42;6.08
LH;0;Line;11581.61;-1217.42;11547.33;-1248.55;46.30
LH;0;Line;11547.33;-1248.55;11543.35;-1252.16;5.38
LH;0;Line;11543.35;-1252.16;11508.50;-1286.38;48.84
LH;0;Line;11508.50;-1286.38;11506.43;-1288.41;2.90
LH;0;Line;11506.43;-1288.41;11496.34;-1298.75;14.45
LH;0;Line;11496.34;-1298.75;11496.28;-1295.62;3.13
LH;0;Line;11496.28;-1295.62;11495.96;-1115.65;179.97
LH;0;Line;11495.96;-1115.65;11495.96;-1113.08;2.57
LH;0;Line;11495.96;-1113.08;11495.80;-1023.50;89.58
LH;0;Line;11495.80;-1023.50;11495.79;-1016.51;6.99
LH;0;Line;11495.79;-1016.51;11495.77;-1005.36;11.14
LH;0;Line;11495.77;-1005.36;11493.54;257.19;1262.56
LH;0;Line;11493.54;257.19;7891.28;257.19;3602.26
LH;0;Line;7891.28;257.19;7898.72;-3137.14;3394.34
LH;0;Line;7898.72;-3137.14;7895.92;-4242.23;1105.10
SH;0;Line;2057.73;-13993.70;-4226.90;-13993.70;6284.63
SH;0;Arc;-4226.90;-13993.70;-4829.91;-14593.48;943.99
SH;0;Line;-4829.91;-14593.48;-4829.92;-17180.80;2587.32
SH;0;Arc;-4829.92;-17180.80;-4227.23;-17691.82;859.27
SH;0;Line;-4227.23;-17691.82;4566.81;-17691.82;8794.04
SH;0;Arc;4566.81;-17691.82;5229.27;-17161.47;891.59
SH;0;Line;5229.27;-17161.47;6606.67;-13432.75;3975.00
SH;0;Arc;6606.67;-13432.75;6287.49;-12577.09;1037.83
SH;0;Line;6287.49;-12577.09;4558.31;-11947.72;1840.16
SH;0;Arc;4558.31;-11947.72;3803.89;-12115.86;816.16
SH;0;Line;3803.89;-12115.86;2541.28;-13768.21;2079.53
SH;0;Arc;2541.28;-13768.21;2057.73;-13993.70;554.77
B3;0;Line;23054.55;4622.31;20516.68;4622.31;2537.87
B3;0;Line;20516.68;4622.31;20516.68;4647.50;25.19
B3;0;Line;20516.68;4647.50;18089.38;4647.50;2427.30
B3;0;Line;18089.38;4647.50;18089.38;997.30;3650.21
B3;0;Line;18089.38;997.30;23179.52;997.30;5090.14
B3;0;Line;23179.52;997.30;23179.52;2427.37;1430.08
B3;0;Line;23179.52;2427.37;23054.55;2427.37;124.97
B3;0;Line;23054.55;2427.37;23054.55;4622.31;2194.94
B3;1;Line;20516.46;3633.13;22065.53;3633.13;1549.07
B3;1;Line;22065.53;3633.13;22065.53;2427.30;1205.83
B3;1;Line;22065.53;2427.30;20516.46;2427.30;1549.07
B3;1;Line;20516.46;2427.30;20516.46;3633.13;1205.83
B6;0;Line;30939.41;7903.68;25849.82;7903.68;5089.59
B6;0;Line;25849.82;7903.68;25849.82;6474.09;1429.59
B6;0;Line;25849.82;6474.09;25974.74;6474.09;124.92
B6;0;Line;25974.74;6474.09;25974.74;2268.89;4205.20
B6;0;Line;25974.74;2268.89;28512.15;2268.89;2537.41
B6;0;Line;28512.15;2268.89;28512.31;2243.97;24.92
B6;0;Line;28512.31;2243.97;30939.41;2243.97;2427.09
B6;0;Line;30939.41;2243.97;30939.41;7903.68;5659.70
B6;1;Line;28512.50;3928.11;26963.71;3928.11;1548.79
B6;1;Line;26963.71;3928.11;26963.71;6473.98;2545.88
B6;1;Line;26963.71;6473.98;28512.50;6473.98;1548.79
B6;1;Line;28512.50;6473.98;28512.50;3928.11;2545.88
B5;0;Line;30940.33;16329.04;25850.19;16329.04;5090.14
B5;0;Line;25850.19;16329.04;25850.19;14898.97;1430.08
B5;0;Line;25850.19;14898.97;25975.02;14898.97;124.84
B5;0;Line;25975.02;14898.97;25975.02;10023.99;4874.97
B5;0;Line;25975.02;10023.99;28512.90;10023.99;2537.87
B5;0;Line;28512.90;10023.99;28512.90;9998.47;25.52
B5;0;Line;28512.90;9998.47;30940.33;9998.47;2427.43
B5;0;Line;30940.33;9998.47;30940.33;16329.04;6330.57
B5;1;Line;28513.18;12353.07;26964.39;12353.07;1548.79
B5;1;Line;26964.39;12353.07;26964.39;14898.95;2545.88
B5;1;Line;26964.39;14898.95;28513.18;14898.95;1548.79
B5;1;Line;28513.18;14898.95;28513.18;12353.07;2545.88
B1;0;Line;23054.38;11364.06;23054.38;14694.47;3330.42
B1;0;Line;23054.38;14694.47;23055.04;14898.40;203.93
B1;0;Line;23055.04;14898.40;23180.07;14898.64;125.02
B1;0;Line;23180.07;14898.64;23180.07;16328.51;1429.86
B1;0;Line;23180.07;16328.51;18090.47;16328.51;5089.60
B1;0;Line;18090.47;16328.51;18090.47;11339.58;4988.93
B1;0;Line;18090.47;11339.58;20516.34;11339.58;2425.88
B1;0;Line;18090.47;11339.58;20516.34;11364.06;24.48
B1;0;Line;20516.34;11364.06;23054.38;11364.06;2538.04
B1;1;Line;22066.19;12352.82;21928.42;12352.82;137.77
B1;1;Line;21928.42;12352.82;20516.60;12352.82;1411.83
B1;1;Line;20516.60;12352.82;20516.60;14899.21;2546.39
B1;1;Line;20516.60;14899.21;22066.19;14899.21;1549.60
B1;1;Line;22066.19;14899.21;22066.19;12953.67;1945.54
B1;1;Line;22066.19;12953.67;22066.19;12490.59;463.08
B1;1;Line;22066.19;12490.59;22066.19;12352.82;137.77
B2;0;Line;23179.93;9777.63;18089.57;9777.63;5090.36
B2;0;Line;18089.57;9777.63;18089.57;6127.53;3650.10
B2;0;Line;18089.57;6127.53;20516.62;6127.53;2427.05
B2;0;Line;20516.62;6127.53;20516.62;6152.29;24.76
B2;0;Line;20516.62;6152.29;23054.72;6152.29;2538.10
B2;0;Line;23054.72;6152.29;23054.72;8347.12;2194.83
B2;0;Line;23054.72;8347.12;23179.93;8347.12;125.21
B2;0;Line;23179.93;8347.12;23179.93;9777.63;1430.51
B2;1;Line;20516.88;8347.35;22065.75;8347.35;1548.87
B2;1;Line;22065.75;8347.35;22065.75;7141.19;1206.16
B2;1;Line;22065.75;7141.19;20516.88;7141.19;1548.87
B2;1;Line;20516.88;7141.19;20516.88;8347.35;1206.16
AD;0;Line;18115.91;24439.61;25089.63;24439.61;6973.73
AD;0;Line;25089.63;24439.61;26620.86;23871.02;1633.39
AD;0;Line;26620.86;23871.02;26620.86;24447.91;576.89
AD;0;Line;26620.86;24447.91;30907.41;24447.91;4286.55
AD;0;Line;30907.41;24447.91;30907.41;28179.93;3732.02
AD;0;Line;30907.41;28179.93;18115.91;28179.93;12791.51
AD;0;Line;18115.91;28179.93;18115.91;24439.61;3740.32
AD;1;Line;21891.14;26999.40;23236.36;26999.40;1345.22
AD;1;Line;23236.36;26999.40;23236.36;25619.71;1379.69
AD;1;Line;23236.36;25619.71;21891.14;25619.71;1345.22
AD;1;Line;21891.14;25619.71;21891.14;26999.40;1379.69
AD;2;Line;28741.05;25619.30;26595.87;25619.30;2145.18
AD;2;Line;26595.87;25619.30;26595.87;26861.42;1242.12
AD;2;Line;26595.87;26861.42;26595.87;26897.10;35.67
AD;2;Line;26595.87;26897.10;26320.92;26999.19;293.30
AD;2;Line;26320.92;26999.19;26733.64;26999.19;412.72
AD;2;Line;26733.64;26999.19;28741.05;26999.19;2007.41
AD;2;Line;28741.05;26999.19;28741.05;25619.30;1379.89
CP;0;Line;30928.95;-6731.10;25928.25;-6731.10;5000.71
CP;0;Line;25928.25;-6731.10;25928.25;-10541.07;3809.97
CP;0;Line;25928.25;-10541.07;25928.25;-17609.05;7067.98
CP;0;Line;25928.25;-17609.05;27008.67;-17609.05;1080.42
CP;0;Line;27008.67;-17609.05;27008.67;-10561.54;7047.51
CP;0;Line;27008.67;-10561.54;30928.95;-10561.54;3920.29
CP;0;Line;30928.95;-10561.54;30928.95;-6731.10;3830.44
V1;0;Line;39822.82;6228.22;40716.90;6869.76;1100.44
V1;0;Line;40716.90;6869.76;40617.21;7008.70;171.00
V1;0;Line;40617.21;7008.70;41315.94;7510.07;860.00
V1;0;Line;41315.94;7510.07;40654.25;8432.23;1135.00
V1;0;Line;40654.25;8432.23;39955.52;7930.86;860.00
V1;0;Line;39955.52;7930.86;39061.43;7289.32;1100.44
V1;0;Line;39061.43;7289.32;39822.82;6228.22;1306.00
V2;0;Line;40336.32;10431.24;40610.64;11532.59;1135.00
V2;0;Line;40610.64;11532.59;39776.14;11740.44;860.00
V2;0;Line;39776.14;11740.44;38708.33;12006.41;1100.44
V2;0;Line;38708.33;12006.41;38392.67;10739.13;1306.00
V2;0;Line;38392.67;10739.13;39460.48;10473.16;1100.44
V2;0;Line;39460.48;10473.16;39501.81;10639.09;171.00
V2;0;Line;39501.81;10639.09;40336.32;10431.24;860.00
V3;0;Line;42845.53;13504.22;42454.75;14270.31;860.00
V3;0;Line;42454.75;14270.31;41954.72;15250.58;1100.44
V3;0;Line;41954.72;15250.58;40791.33;14657.14;1306.00
V3;0;Line;40791.33;14657.14;41291.36;13676.87;1100.44
V3;0;Line;41291.36;13676.87;41443.69;13754.57;171.00
V3;0;Line;41443.69;13754.57;41834.47;12988.48;860.00
V3;0;Line;41834.47;12988.48;42845.53;13504.22;1135.00
V4;0;Line;46515.32;15561.59;44943.40;15561.59;1571.92
V4;0;Line;44943.40;15561.59;44943.40;14461.28;1100.32
V4;0;Line;44943.40;14461.28;45114.32;14461.28;170.92
V4;0;Line;45114.32;14461.28;45114.32;13601.27;860.01
V4;0;Line;45114.32;13601.27;46344.25;13601.27;1229.93
V4;0;Line;46344.25;13601.27;46344.25;14461.17;859.91
V4;0;Line;46344.25;14461.17;46515.32;14461.17;171.07
V4;0;Line;46515.32;14461.17;46515.32;15561.59;1100.42
V5;0;Line;50199.39;15551.31;48627.48;15551.31;1571.92
V5;0;Line;48627.48;15551.31;48627.48;14451.00;1100.32
V5;0;Line;48627.48;14451.00;48798.39;14451.00;170.92
V5;0;Line;48798.39;14451.00;48798.39;13590.99;860.01
V5;0;Line;48798.39;13590.99;50028.33;13590.99;1229.93
V5;0;Line;50028.33;13590.99;50028.33;14450.89;859.91
V5;0;Line;50199.39;14450.89;50199.39;15551.31;1100.42
V6;0;Line;53883.39;15551.03;52311.48;15551.03;1571.92
V6;0;Line;52311.48;15551.03;52311.48;14450.72;1100.32
V6;0;Line;52311.48;14450.72;52482.39;14450.72;170.92
V6;0;Line;52482.39;14450.72;52482.39;13590.71;860.01
V6;0;Line;52482.39;13590.71;53712.33;13590.71;1229.93
V6;0;Line;53712.33;13590.71;53712.33;14450.61;859.91
V6;0;Line;53712.33;14450.61;53883.39;14450.61;171.07
V6;0;Line;53883.39;14450.61;53883.39;15551.03;1100.42
V7;0;Line;58005.88;13335.76;57212.00;14372.76;1306.00
V7;0;Line;57212.00;14372.76;56338.22;13703.83;1100.44
V7;0;Line;56338.22;13703.83;55655.35;13181.06;860.00
V7;0;Line;55655.35;13181.06;56345.29;12279.83;1135.00
V7;0;Line;56345.29;12279.83;57028.16;12802.61;860.00
V7;0;Line;57028.16;12802.61;57132.10;12666.83;171.00
V7;0;Line;57132.10;12666.83;58005.88;13335.76;1100.44
V8;0;Line;58284.97;9780.27;57323.21;10315.03;1100.44
V8;0;Line;57323.21;10315.03;56571.58;10732.95;860.00
V8;0;Line;56571.58;10732.95;56020.02;9740.97;1135.00
V8;0;Line;56020.02;9740.97;56771.65;9323.06;860.00
V8;0;Line;56771.65;9323.06;56688.55;9173.61;171.00
V8;0;Line;56688.55;9173.61;57650.32;8638.85;1100.44
V8;0;Line;57650.32;8638.85;58284.97;9780.27;1306.00
GH;0;Line;42706.61;4433.13;49551.56;6100.01;7044.98
GH;0;Line;49551.56;6100.01;49331.78;7003.82;930.15
GH;0;Line;49331.78;7003.82;48959.95;6913.16;382.72
GH;0;Line;48959.95;6913.16;48913.76;7102.51;194.90
GH;0;Line;48913.76;7102.51;42812.07;5616.79;6279.97
GH;0;Line;42812.07;5616.79;42858.31;5427.26;195.09
GH;0;Line;42858.31;5427.26;42486.83;5336.60;382.38
GH;0;Line;42486.83;5336.60;42706.61;4433.13;929.81
25;0;Line;46121.97;8791.69;47674.69;9169.87;1598.10
25;0;Line;47674.69;9169.87;47115.94;11463.60;2360.80
25;0;Line;47115.94;11463.60;45563.23;11085.42;1598.10
25;0;Line;45563.23;11085.42;46121.97;8791.69;2360.80
V9;0;Line;106061.85;36372.54;-71514.49;36372.54;177576.34
V9;0;Line;-71514.49;36372.54;-71514.49;-28674.75;65047.28
V9;0;Line;-71514.49;-28674.75;106061.85;-28674.75;177576.34
V9;0;Line;106061.85;-28674.75;106061.85;36372.54;65047.28
V9;1;Line;-4226.90;-13993.70;2057.73;-13993.70;6284.63
V9;1;Arc;2057.73;-13993.70;2541.28;-13768.21;554.77
V9;1;Line;2541.28;-13768.21;3803.89;-12115.86;2079.53
V9;1;Arc;3803.89;-12115.86;4558.31;-11947.72;816.16
V9;1;Line;4558.31;-11947.72;6287.49;-12577.09;1840.16
V9;1;Arc;6287.49;-12577.09;6606.67;-13432.75;1037.83
V9;1;Line;6606.67;-13432.75;5229.27;-17161.47;3975.00
V9;1;Arc;5229.27;-17161.47;4566.81;-17691.82;891.59
V9;1;Line;4566.81;-17691.82;-4227.23;-17691.82;8794.04
V9;1;Arc;-4227.23;-17691.82;-4829.92;-17180.80;859.27
V9;1;Line;-4829.92;-17180.80;-4829.91;-14593.48;2587.32
V9;1;Arc;-4829.91;-14593.48;-4226.90;-13993.70;943.99
V9;2;Line;3619.11;15444.87;7130.17;15444.87;3511.06
V9;2;Line;7130.17;15444.87;6873.21;14999.85;513.87
V9;2;Line;6873.21;14999.85;6934.25;15012.12;62.26
V9;2;Line;6934.25;15012.12;10217.42;15671.79;3348.78
V9;2;Line;10217.42;15671.79;14482.05;14814.22;4350.00
V9;2;Line;14482.05;14814.22;14482.05;12528.70;2285.53
V9;2;Line;14482.05;12528.70;10217.10;11671.79;4350.18
V9;2;Line;10217.10;11671.79;5952.48;12529.36;4350.00
V9;2;Line;5952.48;12529.36;5952.48;13405.23;875.87
V9;2;Line;5952.48;13405.23;5374.40;12404.07;1156.07
V9;2;Line;5374.40;12404.07;4946.30;13145.70;856.32
V9;2;Arc;4946.30;13145.70;3819.35;12270.93;1444.95
V9;2;Arc;3819.35;12270.93;874.47;11698.50;3018.45
V9;2;Arc;874.47;11698.50;-2582.44;12246.02;3514.49
V9;2;Arc;-2582.44;12246.02;-3780.22;13181.83;1551.26
V9;2;Arc;-3780.22;13181.83;-3848.20;13958.86;809.67
V9;2;Arc;-3848.20;13958.86;-3355.67;14589.27;810.47
V9;2;Arc;-3355.67;14589.27;-1638.21;15353.93;1893.85
V9;2;Arc;-1638.21;15353.93;1131.21;15596.22;2786.89
V9;2;Arc;1131.21;15596.22;3880.04;14992.85;2829.77
V9;2;Line;3880.04;14992.85;3619.11;15444.87;521.93
V9;3;Line;10976.34;-4242.23;7895.92;-4242.23;3080.42
V9;3;Line;7895.92;-4242.23;7898.72;-3137.14;1105.10
V9;3;Line;7898.72;-3137.14;7891.28;257.19;3394.34
V9;3;Line;7891.28;257.19;11493.54;257.19;3602.26
V9;3;Line;11493.54;257.19;11496.22;-1260.01;1517.21
V9;3;Line;11496.22;-1260.01;11725.46;-1109.58;274.19
V9;3;Line;11725.46;-1109.58;11729.12;-1107.34;4.29
V9;3;Line;11729.12;-1107.34;11769.15;-1082.82;46.94
V9;3;Line;11769.15;-1082.82;11772.89;-1080.69;4.31
V9;3;Line;11772.89;-1080.69;11802.63;-1063.73;34.24
V9;3;Line;11802.63;-1063.73;11807.68;-1061.12;5.69
V9;3;Line;11807.68;-1061.12;11836.61;-1046.17;32.56
V9;3;Line;11836.61;-1046.17;11840.04;-1044.52;3.80
V9;3;Line;11840.04;-1044.52;11871.18;-1029.49;34.58
V9;3;Line;11871.18;-1029.49;11874.65;-1027.94;3.80
V9;3;Line;11874.65;-1027.94;11906.21;-1013.78;34.58
V9;3;Line;11906.21;-1013.78;11910.61;-1011.98;4.75
V9;3;Line;11910.61;-1011.98;11941.77;-999.27;33.65
V9;3;Line;11941.77;-999.27;11944.88;-998.09;3.33
V9;3;Line;11944.88;-998.09;11965.71;-990.18;22.28
V9;3;Line;11965.71;-990.18;11988.50;-981.57;24.36
V9;3;Line;11988.50;-981.57;12001.97;-977.40;14.10
V9;3;Line;12001.97;-977.40;12050.98;-962.19;51.32
V9;3;Line;12050.98;-962.19;12056.51;-960.72;5.72
V9;3;Line;12056.51;-960.72;12100.67;-949.00;45.69
V9;3;Line;12100.67;-949.00;12104.86;-948.03;4.30
V9;3;Line;12104.86;-948.03;12125.75;-943.18;21.45
V9;3;Line;12125.75;-943.18;12128.56;-942.59;2.87
V9;3;Line;12128.56;-942.59;12150.98;-937.87;22.91
V9;3;Line;12150.98;-937.87;12153.80;-937.34;2.87
V9;3;Line;12153.80;-937.34;12176.34;-933.09;22.94
V9;3;Line;12176.34;-933.09;12296.38;-913.03;121.70
V9;3;Line;12296.38;-913.03;12296.38;254.48;1167.51
V9;3;Line;12296.38;254.48;13706.20;250.06;1409.82
V9;3;Line;13706.20;250.06;13706.20;-1707.67;1957.73
V9;3;Line;13706.20;-1707.67;14505.09;-1581.00;808.87
V9;3;Line;14505.09;-1581.00;14505.09;252.43;1833.43
V9;3;Line;14505.09;252.43;16017.61;276.43;1512.71
V9;3;Line;16017.61;276.43;16017.61;-4242.98;4519.40
V9;3;Line;16017.61;-4242.98;12846.04;-4242.98;3171.58
V9;3;Line;12846.04;-4242.98;12849.61;-4482.66;239.71
V9;3;Line;12849.61;-4482.66;10976.34;-4482.66;1873.27
V9;3;Line;10976.34;-4482.66;10976.34;-4242.23;240.43
V9;4;Line;-2749.45;9224.00;-2749.45;2049.50;7174.51
V9;4;Line;-2749.45;2049.50;-5248.73;2049.50;2499.28
V9;4;Line;-5248.73;2049.50;-5248.73;9224.00;7174.51
V9;4;Line;-5248.73;9224.00;-2749.45;9224.00;2499.28
V9;5;Line;25089.63;24439.61;18115.91;24439.61;6973.73
V9;5;Line;18115.91;24439.61;18115.91;28179.93;3740.32
V9;5;Line;18115.91;28179.93;30907.41;28179.93;12791.51
V9;5;Line;30907.41;28179.93;30907.41;24447.91;3732.02
V9;5;Line;30907.41;24447.91;26620.86;24447.91;4286.55
V9;5;Line;26620.86;24447.91;26620.86;23871.02;576.89
V9;5;Line;26620.86;23871.02;25089.63;24439.61;1633.39
V9;6;Line;25928.25;-6731.10;26066.02;-6731.10;137.77
V9;6;Line;26066.02;-6731.10;30928.95;-6731.10;4862.94
V9;6;Line;30928.95;-6731.10;30928.95;-10561.54;3830.44
V9;6;Line;30928.95;-10561.54;27008.67;-10561.54;3920.29
V9;6;Line;27008.67;-10561.54;27008.67;-10561.54;3920.29
V9;6;Line;27008.67;-17609.05;25928.25;-17609.05;1080.42
V9;6;Line;25928.25;-17609.05;25928.25;-10541.07;7067.98
V9;6;Line;25928.25;-10541.07;25928.25;-6868.87;3672.20
V9;6;Line;25928.25;-6868.87;25928.25;-6731.10;137.77
V9;7;Line;40610.64;11532.59;40336.32;10431.24;1135.00
V9;7;Line;40336.32;10431.24;39501.81;10639.09;860.00
V9;7;Line;39501.81;10639.09;39460.48;10473.16;171.00
V9;7;Line;39460.48;10473.16;38392.67;10739.13;1100.44
V9;7;Line;38392.67;10739.13;38708.33;12006.41;1306.00
V9;7;Line;38708.33;12006.41;39776.14;11740.44;1100.44
V9;7;Line;39776.14;11740.44;40610.64;11532.59;860.00
V9;8;Line;40716.90;6869.76;39822.82;6228.22;1100.44
V9;8;Line;39822.82;6228.22;39061.43;7289.32;1306.00
V9;8;Line;39061.43;7289.32;39955.52;7930.86;1100.44
V9;8;Line;39955.52;7930.86;40654.25;8432.23;860.00
V9;8;Line;40654.25;8432.23;41315.94;7510.07;1135.00
V9;8;Line;41315.94;7510.07;40617.21;7008.70;860.00
V9;8;Line;40617.21;7008.70;40716.90;6869.76;171.00
V9;9;Line;47674.69;9169.87;46121.97;8791.69;1598.10
V9;9;Line;46121.97;8791.69;45563.23;11085.42;2360.80
V9;9;Line;45563.23;11085.42;47115.94;11463.60;1598.10
V9;9;Line;47115.94;11463.60;47674.69;9169.87;2360.80
V9;10;Line;49551.56;6100.01;42706.61;4433.13;7044.98
V9;10;Line;42706.61;4433.13;42486.83;5336.60;929.81
V9;10;Line;42486.83;5336.60;42858.31;5427.26;382.38
V9;10;Line;42858.31;5427.26;42844.74;5482.89;57.26
V9;10;Line;42844.74;5482.89;42812.09;5616.70;137.74
V9;10;Line;42812.09;5616.70;42813.15;5617.05;1.12
V9;10;Line;42813.15;5617.05;42945.99;5649.40;136.72
V9;10;Line;42945.99;5649.40;48779.96;7069.93;6004.43
V9;10;Line;48779.96;7069.93;48913.76;7102.51;137.71
V9;10;Line;48913.76;7102.51;48946.40;6968.72;137.71
V9;10;Line;48946.40;6968.72;48959.95;6913.16;57.19
V9;10;Line;48959.95;6913.16;49331.78;7003.82;382.72
V9;10;Line;49331.78;7003.82;49551.56;6100.01;930.15
V9;11;Line;57323.21;10315.03;58284.97;9780.27;1100.44
V9;11;Line;58284.97;9780.27;57650.32;8638.85;1306.00
V9;11;Line;57650.32;8638.85;56688.55;9173.61;1100.44
V9;11;Line;56688.55;9173.61;56771.65;9323.06;171.00
V9;11;Line;56771.65;9323.06;56020.02;9740.97;860.00
V9;11;Line;56020.02;9740.97;56571.58;10732.95;1135.00
V9;11;Line;56571.58;10732.95;57323.21;10315.03;860.00
V9;12;Line;57212.00;14372.76;58005.88;13335.76;1306.00
V9;12;Line;58005.88;13335.76;57132.10;12666.83;1100.44
V9;12;Line;57132.10;12666.83;57028.16;12802.61;171.00
V9;12;Line;57028.16;12802.61;56345.29;12279.83;860.00
V9;12;Line;56345.29;12279.83;55655.35;13181.06;1135.00
V9;12;Line;55655.35;13181.06;56338.22;13703.83;860.00
V9;12;Line;56338.22;13703.83;57212.00;14372.76;1100.44
V9;13;Line;52311.48;15551.03;53883.39;15551.03;1571.92
V9;13;Line;53883.39;15551.03;53883.39;14450.61;1100.42
V9;13;Line;53883.39;14450.61;53712.33;14450.61;171.07
V9;13;Line;53712.33;14450.61;53712.33;13590.71;859.91
V9;13;Line;53712.33;13590.71;52482.39;13590.71;1229.93
V9;13;Line;52482.39;13590.71;52482.39;14450.72;860.01
V9;13;Line;52482.39;14450.72;52311.48;14450.72;170.92
V9;13;Line;52311.48;14450.72;52311.48;15551.03;1100.32
V9;14;Line;48627.48;15551.31;50199.39;15551.31;1571.92
V9;14;Line;50199.39;15551.31;50199.39;14450.89;1100.42
V9;14;Line;50199.39;14450.89;50028.33;14450.89;171.07
V9;14;Line;50028.33;14450.89;50028.33;13590.99;859.91
V9;14;Line;50028.33;13590.99;48798.39;13590.99;1229.93
V9;14;Line;48798.39;13590.99;48798.39;14451.00;860.01
V9;14;Line;48798.39;14451.00;48627.48;14451.00;170.92
V9;14;Line;48627.48;14451.00;48627.48;15551.31;1100.32
V9;15;Line;44943.40;15561.59;46515.32;15561.59;1571.92
V9;15;Line;46515.32;15561.59;46515.32;14461.17;1100.42
V9;15;Line;46515.32;14461.17;46344.25;14461.17;171.07
V9;15;Line;46344.25;14461.17;46344.25;13601.27;859.91
V9;15;Line;46344.25;13601.27;45114.32;13601.27;1229.93
V9;15;Line;45114.32;13601.27;45114.32;14461.28;860.01
V9;15;Line;45114.32;14461.28;44943.40;14461.28;170.92
V9;15;Line;44943.40;14461.28;44943.40;15561.59;1100.32
V9;16;Line;42454.75;14270.31;42845.53;13504.22;860.00
V9;16;Line;42845.53;13504.22;41834.47;12988.48;1135.00
V9;16;Line;41834.47;12988.48;41443.69;13754.57;860.00
V9;16;Line;41443.69;13754.57;41291.36;13676.87;171.00
V9;16;Line;41291.36;13676.87;40791.33;14657.14;1100.44
V9;16;Line;40791.33;14657.14;41954.72;15250.58;1306.00
V9;16;Line;41954.72;15250.58;42454.75;14270.31;1100.44
V9;17;Line;25849.82;7903.68;30939.41;7903.68;5089.59
V9;17;Line;30939.41;7903.68;30939.41;2243.97;5659.70
V9;17;Line;30939.41;2243.97;28512.31;2243.97;2427.09
V9;17;Line;28512.31;2243.97;28512.15;2268.89;24.92
V9;17;Line;28512.15;2268.89;25974.74;2268.89;2537.41
V9;17;Line;25974.74;2268.89;25974.74;6474.09;4205.20
V9;17;Line;25974.74;6474.09;25849.82;6474.09;124.92
V9;17;Line;25849.82;6474.09;25849.82;7903.68;1429.59
V9;18;Line;25850.19;16329.04;25987.96;16329.04;137.77
V9;18;Line;25987.96;16329.04;30940.33;16329.04;4952.37
V9;18;Line;30940.33;16329.04;30940.33;9998.47;6330.57
V9;18;Line;30940.33;9998.47;28512.90;9998.47;2427.43
V9;18;Line;28512.90;9998.47;28512.90;10023.99;25.52
V9;18;Line;28512.90;10023.99;25975.02;10023.99;2537.87
V9;18;Line;25975.02;10023.99;25975.02;14898.97;4874.97
V9;18;Line;25975.02;14898.97;25850.19;14898.97;124.84
V9;18;Line;25850.19;14898.97;25850.19;16191.28;1292.31
V9;18;Line;25850.19;16191.28;25850.19;16329.04;137.77
V9;19;Line;20516.68;4647.50;20516.68;4622.31;25.19
V9;19;Line;20516.68;4622.31;23054.55;4622.31;2537.87
V9;19;Line;23054.55;4622.31;23054.55;2427.37;2194.94
V9;19;Line;23054.55;2427.37;23179.52;2427.37;124.97
V9;19;Line;23179.52;2427.37;23179.52;997.30;1430.08
V9;19;Line;23179.52;997.30;18089.38;997.30;5090.14
V9;19;Line;18089.38;997.30;18089.38;4647.50;3650.21
V9;19;Line;18089.38;4647.50;20516.68;4647.50;2427.30
V9;20;Line;18089.57;9777.63;18227.34;9777.63;137.77
V9;20;Line;18227.34;9777.63;23179.93;9777.63;4952.59
V9;20;Line;23179.93;9777.63;23179.93;8347.12;1430.51
V9;20;Line;23179.93;8347.12;23054.72;8347.12;125.21
V9;20;Line;23054.72;8347.12;23054.72;6152.29;2194.83
V9;20;Line;23054.72;6152.29;20516.79;6152.29;2537.93
V9;20;Line;20516.79;6152.29;20516.79;6127.53;24.76
V9;20;Line;20516.79;6127.53;18089.57;6127.53;2427.22
V9;20;Line;18089.57;6127.53;18089.57;9639.86;3512.33
V9;20;Line;18089.57;9639.86;18089.57;9777.63;137.77
V9;21;Line;23054.38;11501.83;23054.38;11364.06;137.77
V9;21;Line;23054.38;11364.06;22916.61;11364.06;137.77
V9;21;Line;22916.61;11364.06;20516.50;11364.06;2400.11
V9;21;Line;20516.50;11364.06;20516.50;11339.58;24.48
V9;21;Line;20516.50;11339.58;18090.47;11339.58;2426.04
V9;21;Line;18090.47;11339.58;18090.47;16328.51;4988.93
V9;21;Line;18090.47;16328.51;23042.30;16328.51;4951.83
V9;21;Line;23042.30;16328.51;23115.31;16328.51;73.01
V9;21;Line;23115.31;16328.51;23180.07;16328.51;64.76
V9;21;Line;23180.07;16328.51;23180.07;16190.74;137.77
V9;21;Line;23180.07;16190.74;23180.07;14898.64;1292.09
V9;21;Line;23180.07;14898.64;23055.04;14898.40;125.02
V9;21;Line;23055.04;14898.40;23054.38;14694.47;203.93
V9;21;Line;23054.38;14694.47;23054.38;11501.83;3192.65
V9;22;Line;-7562.66;2203.64;-7562.66;-2534.03;4737.67
V9;22;Line;-7562.66;-2534.03;-7562.95;-2556.41;22.38
V9;22;Line;-7562.95;-2556.41;-7562.95;-3892.41;1336.00
V9;22;Line;-7562.95;-3892.41;-8972.83;-3892.41;1409.88
V9;22;Line;-8972.83;-3892.41;-13100.80;-3892.41;4127.97
V9;22;Line;-13100.80;-3892.41;-13100.80;2203.64;6096.05
V9;22;Line;-13100.80;2203.64;-11690.59;2203.64;1410.21
V9;22;Line;-11690.59;2203.64;-7562.66;2203.64;4127.93
V9;23;Line;-11694.07;10092.29;-11694.07;10093.86;1.57
V9;23;Line;-11694.07;10093.86;-13100.61;10093.86;1406.54
V9;23;Line;-13100.61;10093.86;-13100.61;16192.21;6098.35
V9;23;Line;-13100.61;16192.21;-7696.12;16192.21;5404.49
V9;23;Line;-7696.12;16192.21;-7558.35;16192.21;137.77
V9;23;Line;-7558.35;16192.21;-7558.35;16054.44;137.77
V9;23;Line;-7558.35;16054.44;-7558.35;11452.05;4602.39
V9;23;Line;-7558.35;11452.05;-7560.11;11430.16;21.95
V9;23;Line;-7560.11;11430.16;-7560.11;11293.88;136.29
V9;23;Line;-7560.11;11293.88;-7560.11;10092.29;1201.58
V9;23;Line;-7560.11;10092.29;-11694.07;10092.29;4133.97
